address, 서울특별시 강남구 봉은사로114길 새마을금고중앙회 삼성동 삼성1동
address, 서울특별시 강동구 동남로82길 MG새마을금고서울강동 고덕동 고덕제2동
address, 서울특별시 강북구 솔샘로 강북새마을금고삼양동지점 미아동 삼양동
address, 서울특별시 강북구 도봉로13길 새마을금고 미아동 송천동
address, 서울특별시 강북구 한천로 새마을금고 번동 번1동
address, 서울특별시 강북구 오현로32길 새마을금고 번동 번3동
address, 서울특별시 강북구 수유로 수유1동새마을금고 수유동 수유1동
address, 서울특별시 강북구 도봉로71가길 수유1동새마을금고 수유동 수유1동
address, 서울특별시 강북구 삼양로 새마을금고 수유동 인수동
address, 서울특별시 강북구 도봉로71길 새마을금고 수유동 수유1동
address, 서울특별시 강서구 공항대로 새마을금고아이티센터 화곡동
address, 서울특별시 강서구 강서로 우장산새마을금고 화곡동
address, 서울특별시 관악구 청림길 새마을금고 봉천동 청림동
address, 서울특별시 관악구 청룡1길 관악중앙새마을금고 봉천동
address, 서울특별시 관악구 난곡로 새마을금고 신림동 난향동
address, 서울특별시 관악구 난곡로 난곡새마을금고 신림동 난곡동
address, 서울특별시 광진구 광장로 구의.광장새마을금고 광장동 광장동
address, 서울특별시 광진구 광나루로 광장구의2동새마을금고 구의동 구의제2동
address, 서울특별시 광진구 군자로 송정.군자새마을금고 군자동 군자동
address, 서울특별시 광진구 천호대로112길 능동새마을금고 능동 능동
address, 서울특별시 광진구 아차산로30길 새마을금고 자양동 자양제4동
address, 서울특별시 광진구 자양로13길 자양1동새마을금고 자양동 자양제1동
address, 서울특별시 광진구 자양로5길 자양2,3동새마을금고 자양동 자양제2동
address, 서울특별시 광진구 면목로 중곡1동새마을금고 중곡동 중곡제1동
address, 서울특별시 광진구 용마산로7길 중곡2,4동새마을금고 중곡동 중곡제2동
address, 서울특별시 광진구 면목로 중곡3동새마을금고 중곡동 중곡제3동
address, 서울특별시 광진구 영화사로 새마을금고 중곡동
address, 서울특별시 광진구 군자로 화양동새마을금고 화양동 화양동
address, 서울특별시 구로구 남부순환로105길 가리봉동새마을금고 가리봉동
address, 서울특별시 구로구 고척로19길 개봉1동 새마을금고 개봉동 개봉제1동
address, 서울특별시 구로구 경인로47길 고척1동새마을금고 고척동 고척제1동
address, 서울특별시 구로구 경서로 고척1동새마을금고회관 고척동 고척제1동
address, 서울특별시 구로구 경인로33길 고척2동새마을금고 고척동 고척제2동
address, 서울특별시 구로구 구로동로28길 구로2동새마을금고 구로동 구로제2동
address, 서울특별시 구로구 구로중앙로32가길 구로5동새마을금고 구로동
address, 서울특별시 구로구 구로동로35길 구로본동새마을금고 구로동
address, 서울특별시 구로구 구로동로 구로본동새마을금고 구로동 구로제2동
address, 서울특별시 구로구 구로중앙로 동구로새마을금고 구로동 구로제4동
address, 서울특별시 구로구 부일로15길 수궁동새마을금고 궁동 수궁동
address, 서울특별시 구로구 신도림로11길 새마을금고신도림 신도림동
address, 서울특별시 구로구 신도림로13길 신도림동새마을금고 신도림동
address, 서울특별시 구로구 경인로 오류1동새마을금고 오류동 오류제1동
address, 서울특별시 구로구 연동로 새마을금고오류2동제2분소 오류동 오류제2동
address, 서울특별시 구로구 오류로 새마을금고회관 오류동 오류제2동
address, 서울특별시 구로구 오류로8길 새마을금고회관 오류동 오류제2동
address, 서울특별시 금천구 가산로 독산1동새마을금고 독산동 독산제1동
address, 서울특별시 금천구 독산로 독산2동새마을금고 독산동 독산제2동
address, 서울특별시 금천구 독산로 새마을금고 독산동 독산제2동
address, 서울특별시 금천구 독산로 시흥새마을금고 시흥동 시흥제4동
address, 서울특별시 금천구 금하로 새마을금고 시흥동 시흥제1동
address, 서울특별시 금천구 시흥대로20길 금천남부새마을금고 시흥동 시흥제3동
address, 서울특별시 노원구 동일로 노원새마을금고 공릉동 공릉1동
address, 서울특별시 노원구 한글비석로24길 새마을금고 상계동 상계5동
address, 서울특별시 동대문구 답십리로66길 장안1동새마을금고 장안동 장안제1동
address, 서울특별시 동대문구 서울시립대로 전농동새마을금고 전농동 전농제1동
address, 서울특별시 동작구 장승배기로19길 노량진2동새마을금고 노량진동 노량진제2동
address, 서울특별시 동작구 만양로 새마을금고 노량진동 노량진제1동
address, 서울특별시 동작구 여의대방로24가길 대방새마을금고 대방동 대방동
address, 서울특별시 동작구 노량진로18길 본동새마을금고 본동 노량진제1동
address, 서울특별시 동작구 동작대로31길 동작새마을금고 사당동
address, 서울특별시 동작구 사당로 사당5동새마을금고 사당동 사당제5동
address, 서울특별시 동작구 동작대로27다길 새마을금고 사당동 사당제2동
address, 서울특별시 동작구 상도로37길 상도1동새마을금고회관 상도1동 상도제1동
address, 서울특별시 동작구 성대로2길 한강새마을금고 상도동
address, 서울특별시 동작구 상도로26길 한강새마을금고 상도동 상도제2동
address, 서울특별시 동작구 양녕로25길 상도4동새마을금고 상도동 상도제4동
address, 서울특별시 동작구 상도로22길 상도4동새마을금고 상도동 상도제4동
address, 서울특별시 동작구 여의대방로22길 신대방2동새마을금고 신대방동 신대방제2동
address, 서울특별시 동작구 흑석로 흑석1.2동새마을금고 흑석동 흑석동
address, 서울특별시 동작구 서달로10길 흑석3동새마을금고 흑석동 흑석동
address, 서울특별시 마포구 삼개로 도화2동새마을금고 도화동 도화동
address, 서울특별시 마포구 월드컵로25길 망원동새마을금고 망원동 망원제2동
address, 서울특별시 마포구 만리재옛길 신공덕동새마을금고 신공덕동 공덕동
address, 서울특별시 서대문구 수색로 북가좌새마을금고 북가좌동 북가좌제1동
address, 서울특별시 서대문구 응암로 새마을금고 북가좌동 북가좌제2동
address, 서울특별시 서대문구 연희맛로 연희새마을금고 연희동 연희동
address, 서울특별시 서대문구 연세로 새마을금고 창천동 신촌동
address, 서울특별시 서대문구 독립문로8길 새마을금고 천연동 천연동
address, 서울특별시 서대문구 통일로37길 새마을금고 홍제동 홍제제1동
address, 서울특별시 성동구 금호산길 금호새마을금고 금호동2가 금호2.3가동
address, 서울특별시 성동구 독서당로 새마을금고금호4본점 금호동4가 금호4가동
address, 서울특별시 성동구 사근동길 새마을금고 사근동 사근동
address, 서울특별시 성동구 상원길 새마을금고성수1가 성수동1가 성수1가제2동
address, 서울특별시 성동구 성덕정길 성수1가1동새마을금고 성수동1가 성수1가제1동
address, 서울특별시 성동구 동일로 새마을금고 성수동2가 성수2가제3동
address, 서울특별시 성동구 독서당로 옥수새마을금고 옥수동 옥수동
address, 서울특별시 성동구 용답19길 새마을금고 용답동 용답동
address, 서울특별시 성동구 독서당로 새마을금고 응봉동
address, 서울특별시 성동구 무학봉15가길 새마을금고 하왕십리동 왕십리제2동
address, 서울특별시 성동구 마조로5길 새마을금고 행당동 사근동
address, 서울특별시 성동구 왕십리로28길 새마을금고 홍익동 왕십리도선동
address, 서울특별시 성동구 무학로8길 새마을금고 홍익동 왕십리도선동
address, 서울특별시 성북구 아리랑로5길 북악새마을금고 돈암동 돈암제2동
address, 서울특별시 성북구 동소문로26다길 동선1동새마을금고 동선동3가 동선동
address, 서울특별시 성북구 동소문로25길 동선2동새마을금고 동선동5가 동선동
address, 서울특별시 성북구 동소문로 동소문새마을금고 동소문동2가
address, 서울특별시 성북구 지봉로 보문2가 새마을금고 보문동2가 보문동
address, 서울특별시 성북구 보문로13길 보문7가 새마을금고 보문동7가 보문동
address, 서울특별시 성북구 삼선교로 새마을금고 삼선동2가 삼선동
address, 서울특별시 성북구 보문로29길 삼선동새마을금고 삼선동3가 삼선동
address, 서울특별시 성북구 장월로1길 새마을금고(상월곡동지점) 상월곡동 월곡제2동
address, 서울특별시 성북구 돌곶이로 새마을금고석관동지점 석관동 석관동
address, 서울특별시 성북구 성북로 성북동새마을금고 성북동1가 성북동
address, 서울특별시 성북구 인촌로 안암동새마을금고 안암동2가 안암동
address, 서울특별시 성북구 장위로 장위2동새마을금고 장위동 장위제2동
address, 서울특별시 성북구 장위로 새마을금고 장위3동지점 장위동 장위제3동
address, 서울특별시 성북구 정릉로 정릉1동새마을금고 정릉동 정릉제1동
address, 서울특별시 성북구 보국문로 정릉2동새마을금고 정릉동 정릉제2동
address, 서울특별시 성북구 종암로21길 종암동새마을금고 종암동 종암동
address, 서울특별시 성북구 종암로 새종암새마을금고 종암동
address, 서울특별시 성북구 오패산로 월곡새마을금고 하월곡동 월곡제1동
address, 서울특별시 성북구 화랑로11길 월곡새마을금고 하월곡동 월곡제2동
address, 서울특별시 송파구 마천로45길 새마을금고 마천동 마천2동
address, 서울특별시 송파구 위례중앙로 MG새마을금고송파충전소 장지동
address, 서울특별시 양천구 신월로 금빛새마을금고 신월동 신월6동
address, 서울특별시 양천구 신목로 신목동새마을금고 신정동
address, 서울특별시 영등포구 당산로31길 새마을금고 당산동3가 당산제1동
address, 서울특별시 영등포구 디지털로 대림1동새마을금고 대림동 대림제1동
address, 서울특별시 영등포구 도림로143길 문래1동새마을금고 문래동4가 문래동
address, 서울특별시 영등포구 도신로62길 새마을금고신길1동대신분소 신길동 신길제1동
address, 서울특별시 용산구 서빙고로75길 새마을금고 동빙고동 서빙고동
address, 서울특별시 용산구 장문로 보광동새마을금고 보광동 보광동
address, 서울특별시 용산구 효창원로 새마을금고 서계동 청파동
address, 서울특별시 용산구 효창원로 용문동새마을금고 용문동 용문동
address, 서울특별시 용산구 신흥로18길 용산새마을금고 용산동2가 용산2가동
address, 서울특별시 용산구 신흥로 용산새마을금고신흥지점 용산동2가 용산2가동
address, 서울특별시 용산구 신흥로 새마을금고용암지점 용산동2가 용산2가동
address, 서울특별시 용산구 원효로 용산중앙새마을금고 원효로2가 원효로제1동
address, 서울특별시 용산구 원효로19길 새마을금고 원효로4가 원효로제2동
address, 서울특별시 용산구 이촌로18길 이촌2동 새마을금고 이촌동 이촌제2동
address, 서울특별시 용산구 보광로59길 새마을금고 이태원동 이태원제1동
address, 서울특별시 용산구 회나무로 이태원새마을금고 이태원동 이태원제2동
address, 서울특별시 용산구 청파로71길 새마을금고 청파동1가 청파동
address, 서울특별시 용산구 청파로47길 청파동새마을금고 청파동3가 청파동
address, 서울특별시 용산구 효창원로69길 새마을금고 효창동 효창동
address, 서울특별시 용산구 한강대로104길 새마을금고 후암동 후암동
address, 서울특별시 은평구 갈현로 새마을금고회관 갈현동 갈현제1동
address, 서울특별시 은평구 갈현로 구산동새마을금고 구산동 구산동
address, 서울특별시 은평구 연서로26길 연신내새마을금고 대조동 대조동
address, 서울특별시 은평구 불광로 서울은평새마을금고 불광동 불광제1동
address, 서울특별시 은평구 증산로15길 증산동새마을금고 신사동 신사제2동
address, 서울특별시 은평구 은평로 신사동새마을금고 신사동 신사제1동
address, 서울특별시 은평구 갈현로1길 새마을금고신사동제2분사무소 신사동 신사제1동
address, 서울특별시 은평구 연서로4길 새마을금고 역촌동 역촌동
address, 서울특별시 은평구 연서로 역촌동새마을금고 역촌동 역촌동
address, 서울특별시 은평구 응암로22길 응암새마을금고 응암동 응암제2동
address, 서울특별시 은평구 응암로 e푸른새마을금고 응암동 응암제3동
address, 서울특별시 종로구 낙산길 새마을금고 동숭동 이화동
address, 서울특별시 종로구 통일로16길 MG새마을금고(무악점) 무악동 무악동
address, 서울특별시 종로구 숭인동길 종로숭인새마을금고 숭인동 숭인제2동
address, 서울특별시 종로구 종로58길 숭인2동새마을금고 숭인동 숭인2동
address, 서울특별시 종로구 숭인동길 새마을금고 숭인동 숭인제2동
address, 서울특별시 종로구 율곡로 새마을금고 이화동 이화동
address, 서울특별시 종로구 종로41길 새마을금고 종로6가 종로5.6가동
address, 서울특별시 종로구 지봉로 새마을금고 창신동 창신제3동
address, 서울특별시 종로구 평창11길 세검정새마을금고 평창동 평창동
address, 서울특별시 중구 남대문로 회현동새마을금고 남대문로3가 회현동
address, 서울특별시 중구 퇴계로20나길 새마을금고 남산동2가 명동
address, 서울특별시 중구 남대문시장길 새마을금고 남창동 회현동
address, 서울특별시 중구 남대문로 새마을금고 북창동 소공동
address, 서울특별시 중구 퇴계로86길 신당5동새마을금고 신당동 신당제5동
address, 서울특별시 중구 다산로36길 새마을금고 신당동 신당제6동
address, 서울특별시 중구 다산로28길 새마을금고 신당동 신당제4동
address, 서울특별시 중구 다산로 새마을금고회관 신당동 신당제1동
address, 서울특별시 중구 을지로27가길 을지새마을금고 주교동 을지로동
address, 서울특별시 중구 중림로 새마을금고 중림동 중림동
address, 서울특별시 중구 마른내로8길 새마을금고 충무로4가 광희동
address, 서울특별시 중구 퇴계로36가길 필동새마을금고 필동2가 필동
address, 서울특별시 중구 마장로 황학동새마을금고 황학동 황학동
address, 서울특별시 중랑구 망우로 새마을금고 망우동 망우본동
address, 서울특별시 중랑구 봉우재로5길 새마을금고 면목동 면목제2동
address, 서울특별시 중랑구 상봉로 새마을금고 면목동 면목제3.8동
address, 서울특별시 중랑구 면목로 새마을금고 면목동 면목제3.8동
address, 서울특별시 중랑구 용마산로94길 새마을금고 면목동 면목제3.8동
address, 서울특별시 중랑구 면목로 면목4동새마을금고 면목동 면목제4동
address, 서울특별시 중랑구 면목로74길 면목1동새마을금고 면목동 면목본동
address, 서울특별시 중랑구 동일로 새마을금고 묵동 묵제1동
address, 서울특별시 중랑구 봉화산로56길 신내새마을금고 신내동 신내1동
address, 서울특별시 중랑구 동일로130길 새마을금고회관 중화동 중화제1동
address, 서울특별시 중랑구 중랑역로 중화2동새마을금고 중화동 중화제2동
