홍익동,0
신정동,0
북창동,0
구로동,0
상월곡동,0
창천동,0
갈현동,0
봉천동,0
홍제동,0
삼선동,0
신림동,0
중화동,0
당산동,0
신도림동,0
역촌동,0
황학동,0
면목동,0
상도동,0
흑석동,0
신당동,0
자양동,0
창신동,0
무악동,0
원효로,0
종암동,0
신대방동,0
수유동,0
옥수동,0
용산동,0
응봉동,0
중림동,0
필동,0
불광동,0
미아동,0
도화동,0
본동,0
신길동,0
천연동,0
행당동,0
궁동,0
효창동,0
응암동,0
상도동,0
전농동,0
석관동,0
신사동,0
신공덕동,0
숭인동,0
대조동,0
남창동,0
오류동,0
문래동,0
공릉동,0
이화동,0
동숭동,0
돈암동,0
서계동,0
장위동,0
묵동,0
상계동,0
노량진동,0
사근동,0
마천동,0
망우동,0
하왕십리동,0
후암동,0
이태원동,0
광장동,0
안암동,0
군자동,0
구산동,0
중곡동,0
고척동,0
장안동,0
장지동,0
평창동,0
가리봉동,0
동빙고동,0
연희동,0
종로,0
사당동,0
시흥동,0
구의동,0
보광동,0
신내동,0
대방동,0
망원동,0
금호동,0
용문동,0
화양동,0
독산동,0
동선동,0
성수동,0
삼성동,0
남산동,0
용답동,0
대림동,0
주교동,0
고덕동,0
남대문로,0
능동,0
번동,0
신월동,0
보문동,0
하월곡동,0
화곡동,0
정릉동,0
충무로,0
이촌동,0
동소문동,0
개봉동,0
북가좌동,0
청파동,0
성북동,0