통일로,0
인촌로,0
돌곶이로,0
갈현로,0
도림로,0
을지로,0
원효로,0
난곡로,0
청림길,0
연서로,0
오류로,0
면목로,0
사당로,0
화랑로,0
동일로,0
도신로,0
신흥로,0
마른내로,0
정릉로,0
도봉로,0
천호대로,0
상원길,0
한글비석로,0
다산로,0
흑석로,0
용답,0
무학로,0
봉화산로,0
독서당로,0
노량진로,0
퇴계로,0
장월로,0
연희맛로,0
청파로,0
마천로,0
불광로,0
영화사로,0
보국문로,0
회나무로,0
공항대로,0
위례중앙로,0
연동로,0
청룡,0
망우로,0
숭인동길,0
동작대로,0
월드컵로,0
오현로,0
지봉로,0
성대로,0
종로,0
봉우재로,0
보문로,0
중랑역로,0
증산로,0
솔샘로,0
마조로,0
부일로,0
답십리로,0
광나루로,0
가산로,0
수색로,0
구로동로,0
군자로,0
서빙고로,0
경서로,0
신도림로,0
용마산로,0
만양로,0
상도로,0
남대문로,0
성덕정길,0
장위로,0
디지털로,0
봉은사로,0
마장로,0
응암로,0
서울시립대로,0
아차산로,0
삼개로,0
자양로,0
은평로,0
삼선교로,0
한천로,0
구로중앙로,0
양녕로,0
여의대방로,0
보광로,0
경인로,0
고척로,0
동남로,0
독산로,0
강서로,0
평창,0
율곡로,0
삼양로,0
성북로,0
장승배기로,0
상봉로,0
남부순환로,0
한강대로,0
장문로,0
오패산로,0
서달로,0
사근동길,0
종암로,0
금하로,0
중림로,0
만리재옛길,0
광장로,0
신월로,0
이촌로,0
아리랑로,0
신목로,0
동소문로,0
당산로,0
독립문로,0
낙산길,0
수유로,0
왕십리로,0
금호산길,0
연세로,0
남대문시장길,0
효창원로,0
무학봉,0
시흥대로,0